covariate,beta
Intercept,0.015409619364930653
log_RCA_mid,0.6560957030564855
log_RCA_start,0.21224918165661946
Relatedness_start,0.16171875591505044
RelRelatedness_start,0.012807083719991166
