covariate,beta
Intercept,-0.005259296349376459
log_RCA_mid,0.8635209167635022
log_RCA_start,0.028755220493096714
Relatedness_start,0.1633224687375619
RelRelatedness_start,0.022846609481835225
